SSDSE-C-2022,Prefecture,City,LA03,LB00,LB01,LB011001,LB012001,LB012002,LB013001,LB013002,LB013003,LB013004,LB013005,LB013006,LB013007,LB014001,LB014002,LB014003,LB02,LB021101,LB021102,LB021103,LB021104,LB021105,LB021106,LB021107,LB021108,LB021109,LB021110,LB021111,LB021112,LB021113,LB021114,LB021115,LB021116,LB021201,LB021202,LB021203,LB021204,LB021205,LB022001,LB022002,LB022003,LB022004,LB022006,LB023001,LB023002,LB023003,LB023004,LB024001,LB024002,LB024003,LB024004,LB024005,LB03,LB031001,LB031002,LB031003,LB031004,LB031005,LB032001,LB032002,LB032003,LB032004,LB04,LB041001,LB042001,LB042002,LB042003,LB042004,LB042005,LB043001,LB05,LB051101,LB051102,LB051103,LB051104,LB051105,LB051106,LB051107,LB051108,LB051201,LB051202,LB051203,LB051204,LB051205,LB051206,LB051207,LB051208,LB051209,LB051210,LB051301,LB051302,LB051303,LB051304,LB051305,LB051306,LB051307,LB051308,LB051309,LB051310,LB051311,LB052001,LB052002,LB052003,LB052004,LB052005,LB052006,LB053001,LB053002,LB053003,LB053004,LB054001,LB054002,LB054003,LB054004,LB054005,LB054006,LB054007,LB054008,LB06,LB061001,LB061002,LB061004,LB061005,LB061006,LB061007,LB061008,LB061009,LB061010,LB061011,LB061012,LB061013,LB061014,LB061015,LB062001,LB07,LB071001,LB071002,LB072001,LB072002,LB072003,LB072004,LB072005,LB072006,LB072007,LB072008,LB072009,LB072010,LB072011,LB072012,LB072013,LB072014,LB072015,LB072016,LB08,LB080001,LB080002,LB080003,LB080004,LB080005,LB080006,LB080007,LB080008,LB080009,LB080010,LB080011,LB080012,LB080013,LB080014,LB080015,LB080016,LB09,LB091001,LB091002,LB091003,LB091004,LB091005,LB092001,LB092002,LB092003,LB092004,LB092005,LB092006,LB092007,LB092008,LB092009,LB092010,LB092011,LB092012,LB10,LB101001,LB101002,LB101003,LB101004,LB102001,LB102002,LB102003,LB103001,LB103002,LB103003,LB103004,LB103005,LB103006,LB103007,LB11,LB110001,LB110002,LB110003,LB110004,LB110005,LB110006,LB110007,LB110008,LB12,LB121101,LB121102,LB121103,LB121104,LB121105,LB121106,LB121107,LB121108,LB121109,LB121110,LB121201,LB121202,LB122001
地域コード,都道府県,市,世帯人員,食料（合計）,01　穀類,米,食パン,他のパン,生うどん・そば,乾うどん・そば,パスタ,中華麺,カップ麺,即席麺,他の麺類,小麦粉,もち,他の穀類のその他,02　魚介類,まぐろ,あじ,いわし,かつお,かれい,さけ,さば,さんま,たい,ぶり,いか,たこ,えび,かに,他の鮮魚,さしみ盛合わせ,あさり,しじみ,かき（貝）,ほたて貝,他の貝,塩さけ,たらこ,しらす干し,干しあじ,他の塩干魚介,揚げかまぼこ,ちくわ,かまぼこ,他の魚肉練製品,かつお節・削り節,魚介の漬物,魚介のつくだ煮,魚介の缶詰,他の魚介加工品のその他,03　肉類,牛肉,豚肉,鶏肉,合いびき肉,他の生鮮肉,ハム,ソーセージ,ベーコン,他の加工肉,04　乳卵類,牛乳,粉ミルク,ヨーグルト,バター,チーズ,他の乳製品,卵,05　野菜・海藻,キャベツ,ほうれんそう,はくさい,ねぎ,レタス,ブロッコリー,もやし,他の葉茎菜,さつまいも,じゃがいも,さといも,だいこん,にんじん,ごぼう,たまねぎ,れんこん,たけのこ,他の根菜,さやまめ,かぼちゃ,きゅうり,なす,トマト,ピーマン,生しいたけ,しめじ,えのきたけ,他のきのこ,他の野菜のその他,豆類,干ししいたけ,干しのり,わかめ,こんぶ,他の乾物・海藻,豆腐,油揚げ・がんもどき,納豆,他の大豆製品,こんにゃく,梅干し,だいこん漬,はくさい漬,他の野菜の漬物,こんぶつくだ煮,他の野菜・海藻の佃煮,他の野菜・海藻加工品のその他,06　果物,りんご,みかん,オレンジ,他の柑きつ類,梨,ぶどう,柿,桃,すいか,メロン,いちご,バナナ,キウイフルーツ,他の果物,果物加工品,07　油脂・調味料,食用油,マーガリン,食塩,しょう油,みそ,砂糖,酢,ソース,ケチャップ,マヨネーズ・マヨネーズ風調味料,ドレッシング,ジャム,カレールウ,乾燥スープ,風味調味料,ふりかけ,つゆ・たれ,他の調味料,08　菓子類,ようかん,まんじゅう,他の和生菓子,カステラ,ケーキ,ゼリー,プリン,他の洋生菓子,せんべい,ビスケット,スナック菓子,キャンデー,チョコレート,チョコレート菓子,アイスクリーム・シャーベット,他の菓子,09　調理食品,弁当,すし（弁当）,おにぎり・その他,調理パン,他の主食的調理食品,うなぎのかば焼き,サラダ,コロッケ,カツレツ,天ぷら・フライ,しゅうまい,ぎょうざ,やきとり,ハンバーグ,冷凍調理食品,そうざい材料セット,他の調理食品のその他,10　飲料,緑茶,紅茶,他の茶葉,茶飲料,コーヒー,コーヒー飲料,ココア・ココア飲料,果実・野菜ジュース,炭酸飲料,乳酸菌飲料,乳飲料,ミネラルウォーター,スポーツドリンク,他の飲料のその他,11　酒類,清酒,焼酎,ビール,ウイスキー,ワイン,発泡酒・ビール風アルコール飲料,チューハイ・カクテル,他の酒,12　外食,日本そば・うどん,中華そば,他の麺類外食,すし（外食）,和食,中華食,洋食,焼肉,ハンバーガー,他の主食的外食,喫茶代,飲酒代,学校給食
R00000,全国,全国,2.95,960240,79678,22998,10163,21494,3513,2230,1312,4367,5126,2071,712,673,1760,3259,75413,5395,1046,436,1419,911,5053,904,571,1063,2943,1836,1324,3039,1678,6885,4554,740,352,808,1164,416,2171,2096,1609,620,6969,2203,1710,3100,1494,862,3004,932,2994,3113,95071,22688,31464,16594,2884,2940,5095,7626,2739,3041,48035,15343,709,13657,1295,6520,629,9881,107523,2837,2012,1211,3232,2490,2330,993,6685,1120,2704,781,1605,2405,1023,3413,963,715,3504,1958,1574,3423,2100,8035,2291,1998,1808,1230,2522,4382,468,394,2978,1567,842,2890,5175,2936,4429,896,1757,1424,1049,559,5098,1149,398,2168,40097,4709,4332,643,2383,1694,3054,1047,1019,1304,997,3484,5166,2141,4574,3550,46033,4294,659,459,1803,2198,1122,890,780,662,1338,2249,1309,1395,3741,2579,1657,5259,13639,87066,667,936,8473,775,7287,2087,1649,8337,5757,3943,5153,2247,6751,1963,9987,21054,133585,16109,14110,4715,5681,15605,2553,5410,1929,2034,11585,1056,2097,2399,1471,8682,3359,34791,59641,3709,801,1593,7794,6865,4907,400,7594,6486,4203,2454,3729,1385,7722,44076,5541,6425,11151,2165,3679,9502,4385,1228,144022,5474,6137,2094,13620,19716,4179,9794,6184,5067,44164,6522,11358,9713
R01100,北海道,札幌市,2.84,942332,82566,29665,9367,18496,3214,2113,1280,4360,5494,1754,745,680,1838,3558,84827,5129,164,233,1049,1549,8028,789,785,510,1322,2043,1349,3590,2298,8736,3529,725,608,938,2606,867,2952,2479,941,256,9583,1596,1476,3667,1120,608,5167,693,2958,4484,90249,13277,32631,16470,1850,5129,4785,8057,3413,4638,43907,12649,1177,11207,1699,7728,575,8873,108991,2903,2611,1455,3365,2433,2415,998,9094,1507,2728,339,1890,2482,1046,3573,662,845,3828,1612,1924,3282,2384,8313,2711,1982,1586,973,2519,3602,455,524,2658,1283,746,2564,4681,2217,4497,683,1887,1776,844,313,5194,978,311,2315,43061,5205,4906,612,2688,763,2604,1558,916,1762,2995,2835,5424,2246,4787,3760,43498,3980,467,466,1586,2029,1001,858,727,668,1355,1722,1153,1489,3137,2485,1405,5478,13492,88834,581,540,9995,687,8257,1887,1396,9265,4703,3793,6633,2432,7758,2363,10326,18218,105291,11978,12252,4377,4792,11032,1751,3957,1108,1285,10842,737,1795,2679,1029,7175,1534,26968,57927,3168,1004,1268,6812,8178,4639,366,7974,8307,2645,1961,2797,1385,7424,54794,5671,5858,15094,3794,5046,12761,4638,1930,138388,5581,6695,1630,16906,22845,3772,15761,7132,4187,20326,5462,14817,13273
R02201,青森県,青森市,2.87,892205,73320,21932,8285,17063,3164,2258,1196,5592,6399,2181,604,661,1292,2693,88164,5124,648,637,1390,1636,6736,688,897,580,1958,2921,1172,3044,1576,8612,2953,413,893,454,3586,785,3237,3189,949,449,10890,1590,1772,2872,1188,534,6414,506,3562,4306,86377,14678,31527,15134,1356,3280,4343,8768,3184,4107,42258,13449,968,12276,1382,5861,457,7865,109625,3099,2341,1120,2945,2486,2851,1361,7420,922,2123,271,1676,2322,1203,3732,681,678,3974,2212,1365,3267,2639,8364,2061,2295,1665,1055,3016,2991,331,301,2479,1829,1299,3017,4823,2367,5429,896,2587,1897,1167,460,4781,1105,273,2451,38018,8914,3238,529,1926,624,1968,1032,598,1120,1630,2729,5244,1930,3460,3077,42432,3780,725,495,1711,1958,1021,988,758,597,1183,1917,1039,1459,3346,1865,1345,5556,12688,80244,607,398,7735,508,6374,2317,1506,8340,5622,3626,5751,1994,5511,2119,9223,18613,118454,15099,13645,3672,5199,12573,1998,5063,1688,1962,11777,746,1724,3781,1614,7458,1607,28846,61813,2084,472,1385,7907,7179,5342,385,9711,8623,3923,2339,2172,1535,8755,57280,6458,8064,13567,3508,3430,14825,6063,1368,94219,4605,9508,812,12594,13802,2748,6796,5794,3991,14162,2833,6874,9698
R03201,岩手県,盛岡市,3.12,937554,79379,23297,8402,20278,3435,2199,1302,6223,6229,1883,923,693,1374,3141,78318,5863,461,399,2339,1131,5758,601,944,413,2117,1849,1078,2104,814,6156,3965,656,428,775,1945,467,4105,2271,1025,381,9590,1471,1688,3179,1026,664,4087,739,3408,4424,78536,11127,29799,14054,1446,3028,4827,8220,2934,3101,51058,16616,667,16065,1191,7144,714,8660,116050,3159,3166,1155,2883,2088,3082,1199,8112,1152,2194,807,1979,2546,1239,3362,700,545,3753,1885,1728,3448,2129,6734,2404,2111,2066,1258,3406,3661,404,409,3037,2484,1179,3126,6729,3106,6187,841,2241,1543,1408,499,5253,1058,242,2352,42714,8659,4162,622,2669,1194,2703,963,605,1486,960,3288,5435,2432,4321,3216,48183,4280,620,490,1704,2718,995,947,614,684,1246,2063,1250,1389,4953,2389,1789,5909,14145,89364,820,554,7802,479,7560,2872,1642,7461,6469,3958,4875,2118,6319,1806,10777,23855,124634,15330,12719,4379,4663,13267,1856,4634,1558,2320,11722,802,1871,2524,1625,8499,4184,32680,60901,3406,645,1641,7412,7671,4616,489,9153,7901,3251,2220,2889,1681,7925,53764,7867,6127,13392,2008,4067,12982,5829,1491,114652,5453,8551,1764,11490,9847,1826,5333,4951,3884,35759,4046,11100,10647
R04100,宮城県,仙台市,3.00,972504,75346,20686,8875,20314,3128,2051,1343,4985,5902,1962,851,651,1569,3027,87423,6664,599,332,3029,1137,5571,602,904,528,2002,1689,1295,2787,765,7861,4719,703,618,1357,1629,520,3281,1909,1383,482,7958,1713,1150,9112,1504,700,4243,922,3897,3856,87201,15195,32890,15148,1574,3524,4558,7561,3010,3742,50740,15658,506,15242,1254,7417,656,10008,122827,3005,2816,1320,3013,2268,2911,1149,9176,1099,2718,920,1956,2588,1212,3247,981,1082,3890,2617,2001,3779,2402,7546,2501,1965,2053,1345,3834,5502,467,463,2892,2688,941,3287,5737,3256,5759,934,1973,1510,1166,790,6191,1060,298,2519,44647,5602,4906,733,3013,2213,2730,1341,1093,1226,1223,3644,4829,2262,5948,3885,45931,4159,608,448,1771,2480,1033,861,666,653,1125,2099,1288,1399,4338,2526,1554,5096,13825,92701,761,719,9974,714,7800,2246,1591,9111,6060,4476,4956,2181,6992,2021,9936,23163,132443,16322,13351,5429,6141,13612,2641,6160,2211,2317,12065,1189,2030,2482,1742,6876,2887,34988,60471,4445,1409,1781,7025,7266,4769,382,7793,7054,4593,1901,3089,1477,7486,47614,8937,4940,10993,3445,6251,8057,3544,1445,125162,6575,9333,2452,12384,16022,2890,7540,6073,4585,35037,5097,7996,9177
R05201,秋田県,秋田市,2.72,911255,69223,20219,7398,16426,3241,4161,1026,5479,5014,1796,560,526,1286,2092,84818,5377,904,577,1584,2194,5506,723,918,806,2229,2350,916,3056,1364,8701,5408,508,804,446,1626,629,4325,3012,902,373,8613,1483,1429,2898,1136,679,4978,1643,3314,3406,83125,14980,31855,14959,1359,2746,4513,7167,2888,2658,43803,12938,303,13565,1119,6213,539,9125,120009,3299,3035,1171,3193,2396,2800,1163,9930,1144,2321,604,1789,2261,1250,3282,580,690,4148,4110,1626,3637,2819,7884,2236,2388,1719,1141,4198,3929,567,289,2624,2028,981,3561,5408,2476,5762,597,1841,1471,1722,328,5926,805,645,2235,46833,8970,4759,722,2703,2112,2610,1014,1110,1745,2083,3295,5215,2074,5553,2867,44431,4304,457,466,1815,2833,1253,955,638,562,1237,1685,1255,1405,3400,2321,1464,5595,12785,82726,492,883,8625,413,6288,2320,1541,7555,4469,2939,3351,1792,5713,1127,8742,26478,111170,13168,11756,3583,5077,10563,1586,4503,1352,1870,9162,722,1532,2360,1105,7084,3404,32346,52774,3799,663,1391,6024,7211,3375,296,8177,5504,3858,1527,2912,1323,6713,57253,10092,7370,13322,3164,4676,12222,5305,1103,115091,5717,8927,1705,14497,14451,2541,5430,7340,3014,27016,3260,10918,10276
R06201,山形県,山形市,3.21,997281,82167,26354,7992,18272,4488,3169,1272,5786,6517,1997,857,722,1951,2789,76727,5813,405,237,2412,1001,4301,364,653,615,2046,2073,1396,2733,1001,4975,3552,647,219,866,1291,362,4427,2938,1153,367,8897,1974,1797,3637,1842,779,3551,935,3795,3673,102538,26279,33865,15536,1720,4177,4612,8933,3489,3927,50253,15972,875,14941,1216,6555,664,10030,118562,2694,2436,909,3265,2195,2612,1268,9457,914,2267,2075,1560,2196,1315,2893,889,1445,3369,2062,1487,3898,2470,6181,2126,1904,1970,1534,4234,3459,549,463,2590,1881,1259,3589,5317,3242,6312,601,3407,1247,1225,734,6822,1712,355,2172,48137,6281,4481,831,2414,3053,3734,967,1185,1496,969,3941,4896,1383,8750,3756,48227,4962,481,607,3104,2742,1258,842,735,671,1377,1986,1075,1519,3487,2188,1965,5699,13528,94313,685,740,12069,433,8024,2400,1845,9474,7532,4511,5651,2200,7085,2025,11195,18443,129577,14451,12584,4274,5341,13914,1841,6163,1853,2150,14061,829,1591,2986,1643,9601,4748,31546,58956,3150,681,1472,7945,6877,3989,310,7641,8911,3976,2174,2106,1933,7790,49023,5824,6364,11079,3525,4311,11270,5280,1370,138801,7591,13531,2123,17678,18851,5058,12783,7271,4661,19329,4771,11948,13207
R07201,福島県,福島市,2.99,955914,75424,24086,7966,17840,3087,2425,1180,4395,6610,1902,994,636,1620,2683,77348,6794,458,357,3027,990,4570,567,724,539,1787,1686,1066,2359,1150,4424,4089,725,383,560,1270,287,3710,2707,1650,422,7627,2493,1579,3877,1945,758,4544,969,3675,3581,82233,11639,34786,13285,1047,2890,5641,7259,2956,2729,50484,14081,417,16150,835,6273,654,12074,114409,3204,2162,1174,2696,2048,2496,1134,8000,931,2505,801,1861,2596,1198,2968,674,790,3499,1975,1566,4238,2302,6852,2039,2202,2207,1436,3365,2795,658,256,3114,2158,989,3043,5659,2958,6731,1165,2099,1596,1318,835,5613,1512,383,2606,49086,7212,4186,761,2446,3081,2529,725,7418,910,513,3274,5219,2031,5571,3209,45244,4077,449,548,1695,2564,1158,980,728,590,1452,2149,948,1359,3989,2289,1639,5844,12786,91695,1009,2318,9771,533,6498,1972,1931,7140,7675,4296,5595,2193,6852,2301,11267,20344,135951,17890,13311,5092,5599,14374,1814,6492,2349,2447,12402,802,1854,2392,1924,9573,7224,30412,63863,3807,689,1476,8485,6428,4771,307,7872,7174,5909,2929,4504,1508,8003,50302,7948,5892,12949,2559,3010,12903,3927,1114,119874,5721,8711,2203,14272,19933,2123,9343,4175,4376,22059,3668,11030,12260
R08201,茨城県,水戸市,2.80,902730,69813,19663,8804,18067,3392,2250,1334,4092,4641,1460,647,624,1902,2937,66992,5523,570,305,2436,748,4996,647,724,472,2055,1241,1056,1944,720,4232,4714,451,1014,588,973,281,2817,2364,2216,595,6056,1648,1099,2794,1406,743,2601,1118,3115,2733,77479,13708,29038,14242,1598,1586,5488,6936,2347,2535,48750,14206,1198,15502,1356,6736,509,9243,102885,2449,1847,937,2848,2304,2468,773,5847,1027,2155,511,1690,2272,852,3046,996,380,3506,1494,1726,3458,1893,6999,2238,1821,2175,1138,2557,3964,487,197,3096,1757,612,2868,5076,2670,6250,1158,1628,1337,979,508,5060,1146,511,2173,42303,5248,4329,667,2567,2069,2569,953,654,1685,3827,3669,4480,2131,3807,3647,41529,4131,491,417,1588,2084,1060,991,638,629,1274,2245,1159,1159,3565,1936,1585,4452,12125,91369,1044,930,8319,876,7657,1961,1865,7952,7759,4535,5217,2036,6992,2025,10086,22115,129811,17576,12690,5681,7143,15183,2253,6448,1833,2251,11004,1045,1796,2706,1674,8818,3063,28647,64930,3700,920,1352,10097,7272,5104,381,7644,6805,4743,2670,5022,1596,7626,32763,6654,4254,8295,1694,3517,4749,2792,808,134105,6738,7576,2558,11364,22650,4503,15678,5104,5307,25471,6268,9998,10890
R09201,栃木県,宇都宮市,2.90,955734,76983,20810,10472,19286,3782,2210,1559,4774,5396,1969,780,712,1930,3304,71718,8193,667,295,1589,554,4969,729,663,485,1757,1550,1376,2273,1657,4457,4142,745,480,641,1136,268,2365,2518,2057,566,6341,2114,1432,2644,1524,830,3449,861,3360,3030,86076,17426,32156,14877,1785,2105,5245,7273,3022,2187,48492,14433,699,15033,1195,7268,583,9282,113355,3005,1940,1104,2987,2663,2622,1085,6418,1140,2539,750,2211,2589,1097,3494,814,657,3975,1660,1583,3652,2151,8757,2276,2118,2010,1118,2895,4508,397,222,3234,1855,766,3037,5295,2906,5659,1503,1744,1565,852,523,5900,1241,430,2407,41693,4485,5135,857,3150,2692,2373,1043,766,1120,906,4332,5042,2078,4156,3559,49120,4908,695,475,1836,2155,1036,916,831,689,1363,2758,1294,1366,4021,2540,1570,5456,15211,87405,1065,939,7895,768,7620,2488,2049,8086,7572,4834,5277,2113,6670,1885,10224,17920,136326,17373,12485,5006,6674,15733,2436,6913,1965,2340,13062,1070,3727,2539,1815,9949,2507,30732,64424,3798,882,1439,10962,6677,5049,451,7195,7218,4197,2708,3800,1918,8131,43617,6482,7024,9947,2682,3956,7467,4838,1220,136526,6886,9273,3015,13850,20972,3856,14893,5548,5855,27492,5530,8736,10620
R10201,群馬県,前橋市,2.89,951786,81694,24704,9267,22403,4581,2183,1281,4397,5118,1618,615,756,1476,3296,72688,7759,702,354,1166,630,5951,775,566,501,1701,1537,1180,2106,1028,5550,4671,729,271,625,1262,344,1929,2691,1964,730,5875,1871,1720,2482,1297,883,4123,1074,3401,3241,74564,12564,28993,11811,1634,2016,5248,7067,2427,2805,47078,14000,352,15347,1359,6887,736,8398,108544,2596,1649,888,2473,2462,1958,834,6236,1113,2489,721,1519,2294,926,3084,662,517,3688,1938,1651,4057,1736,8985,2117,2334,1727,1169,2973,4845,509,267,3159,1844,788,2900,5077,2681,5716,814,1603,1373,1120,578,6540,1406,485,2043,45296,5845,4758,777,2853,2554,3204,613,867,1383,966,4784,5290,2132,4879,4390,45261,4244,546,458,1620,2225,1061,870,718,607,1290,2868,1426,1365,3586,2311,1585,5038,13443,88031,609,1514,7759,748,7601,2022,1735,8113,6559,3349,4294,2454,7122,1723,9865,22564,141348,22923,17024,4401,6370,16060,1932,6111,1742,2284,11894,1264,2227,2436,1580,8418,1795,32885,68803,4606,861,1769,10430,7465,5073,413,7762,6326,7732,2244,3946,1642,8536,39903,6285,6080,9247,2288,3768,7248,3834,1153,138575,7261,6565,3435,11345,17578,4096,11096,6361,5460,41031,5442,6712,12194
R11100,埼玉県,さいたま市,3.03,1066646,82418,22718,10249,23247,3956,2099,1589,4729,4927,1759,859,760,1723,3804,74492,7574,905,398,1250,548,5724,888,575,734,2677,1496,1254,2139,1297,6030,4572,739,418,731,818,315,2131,2181,1881,1008,6974,1744,1302,2667,1720,823,3750,883,3088,3256,94116,19697,34517,16528,2908,2094,4870,7448,3001,3051,52406,16304,748,14966,1663,8496,692,9537,118617,2973,2290,1150,3618,2992,2695,959,7481,1033,2976,908,1846,2795,993,3789,986,783,3771,2455,1951,4040,2457,9822,2946,2096,1778,1057,2645,5291,460,297,3090,1604,703,2862,5486,2880,5095,873,1693,1931,935,607,5793,979,316,2435,43153,4670,4499,785,2790,1726,3376,830,993,1368,1223,4551,4907,2763,4504,4166,46359,4359,593,375,1481,2171,880,813,716,749,1269,2599,1603,1354,3920,2247,1592,4920,14717,98793,928,738,8350,1045,9235,2436,2270,9768,6800,4201,5391,2222,7247,2105,11723,24334,158492,19748,15540,5518,7215,19752,2667,7544,1875,2415,11653,1200,2390,3030,1753,9802,6254,40136,66542,4056,1136,1526,9664,6948,5197,422,8625,7966,4172,2431,4095,1437,8867,47727,6819,4876,11373,2046,6590,8308,6345,1370,183531,7070,6945,2974,12911,21393,3993,12834,6093,6676,68366,7714,15318,11244
R12100,千葉県,千葉市,2.92,1034424,81277,22280,11135,22643,3484,2131,1527,4707,4946,1817,803,531,1900,3374,80062,7321,1123,489,1532,736,6278,930,504,1101,3120,1701,1470,2620,895,6322,4814,990,416,801,1340,605,1853,2541,1794,933,7110,1932,1482,3169,1752,980,3558,1284,3332,3238,91984,20127,32526,15794,2376,2347,5381,7592,2925,2914,52769,17246,654,15424,1561,7588,513,9782,125451,2916,2569,1203,3958,2988,2991,946,8197,1201,2976,883,1876,2700,1067,3929,1195,907,4175,2937,1901,3939,2697,10670,2914,2164,1776,1042,2694,5458,389,554,3515,2103,830,3204,5148,3023,4980,1003,1775,1913,1054,630,6414,1093,399,2554,44421,4815,3980,706,2968,2852,2702,1336,911,1261,1258,4569,5177,2762,4925,4198,48119,4605,602,433,1570,2567,881,816,762,677,1244,2631,1620,1300,4308,2900,1635,4976,14593,90638,964,668,8322,732,8372,2318,1699,8937,6767,3938,4583,2187,6414,1732,10538,22467,148498,18363,14594,5928,7194,18195,2737,7063,1863,2395,12114,1300,2439,3347,1559,11075,2450,35882,65800,4528,1019,1858,10491,6882,4653,392,7288,7292,4587,2262,4495,1654,8399,47034,6300,5638,11176,3676,5760,7985,5125,1373,158373,4390,7107,2809,13983,18936,5252,9730,5817,5652,53588,6111,12738,12259
R13100,東京都,東京都区部,2.92,1142651,82732,21637,11579,24053,3143,2379,1646,4842,4278,1932,964,659,1929,3692,82422,8371,1204,416,1641,655,5489,734,631,1154,3087,1772,1619,3059,1101,7605,5583,901,475,943,1386,505,2071,2358,2096,848,6746,1942,1270,2907,1736,852,3729,983,3105,3447,104967,27075,34946,17769,3134,2755,5918,7133,3094,3143,54295,16575,870,15305,1856,8944,893,9852,129476,2945,2440,1238,4112,3134,2924,1025,9505,1110,3046,925,1998,2634,987,3914,1135,1029,4330,3369,1966,4252,2782,10635,2941,2128,1745,1144,3147,6944,468,411,3529,1776,790,3265,5411,2998,4738,955,1828,1824,1050,686,6227,1010,374,2648,46800,4378,4928,852,3049,1684,3668,1160,1336,1601,921,4272,4854,2508,6608,4979,49457,4799,583,477,1622,2272,952,995,710,690,1195,2459,1647,1294,4426,2974,1402,5080,15881,96043,940,677,9134,927,8716,2368,1889,10155,6560,4921,4768,2186,7578,1739,10524,22960,163698,21607,15674,5914,8618,18964,3536,7460,1984,2335,11932,1647,2356,3317,1537,8135,3639,45042,66597,4432,1310,1667,8103,8094,4851,326,8035,6940,4892,2604,5162,1084,9095,53790,6158,5300,13757,3117,9057,8854,5385,2162,212373,6361,7073,3291,15845,25144,6319,14470,7503,5964,80290,10957,20656,8500
R14100,神奈川県,横浜市,2.87,1064335,86213,24209,11551,23438,3491,2933,1589,4799,4731,1942,1114,741,1933,3742,82161,8219,1191,533,1275,622,5519,816,591,986,3021,1525,1427,3137,1584,7172,5247,779,420,885,1265,541,2187,2215,2267,1083,6952,2078,1418,3081,1985,1066,3472,990,3378,3234,103593,23980,36028,18018,3140,2174,6625,7470,3262,2894,52232,16004,680,14372,1614,8362,907,10292,130811,3385,2483,1268,4163,3064,3124,1047,9001,1197,3327,1022,1975,2746,1106,4270,1219,929,4230,3065,2163,4601,2915,10913,3041,2192,1644,1135,2978,5892,482,476,3432,2014,938,3371,5592,2962,4893,984,1887,1644,1088,733,6068,1193,427,2532,45891,5159,4697,809,2753,2167,2998,1248,1083,1304,781,4165,5194,2820,5736,4979,50245,4980,781,452,1804,2363,1029,915,758,814,1409,2638,1699,1362,4398,2956,1430,4786,15672,92510,702,641,8499,903,7290,2199,2063,9857,6740,4645,4833,2220,7062,1832,10234,22793,148331,18530,13573,5056,7184,19331,2461,6779,2143,2089,11102,2375,1875,2981,1298,11001,2156,38396,63245,4899,1299,1637,9436,7102,4202,434,7459,6861,3425,2286,4529,1417,8259,48376,6059,7047,10922,3021,5771,9635,4358,1563,160728,4908,5589,2490,14150,22754,6518,14549,4570,4946,52231,8589,13448,5985
R15100,新潟県,新潟市,3.18,973050,84143,24326,10615,21916,2742,3093,1472,4584,6928,2349,628,639,1811,3041,73641,3637,726,391,1140,1406,6017,572,590,591,2612,1911,1106,2650,1601,5266,4217,747,452,685,1211,574,4636,2600,913,334,6972,1802,1246,2896,1321,634,4291,587,4087,3221,83145,10820,35328,14057,1575,1964,5289,7887,3027,3197,51344,16262,646,15229,1126,7354,562,10165,125198,3233,2390,1259,3180,2642,3056,1186,7976,1073,3286,1490,1771,2948,1150,3458,1618,880,3497,5089,1671,3864,2537,10020,2437,2115,2058,1669,3632,4989,519,629,3116,1668,774,3340,4782,3541,4993,848,1979,939,1179,440,6004,1435,272,2563,42063,5099,5156,692,2266,3253,2669,741,1216,1783,741,3864,5331,2485,3427,3342,48222,4289,673,592,1798,2798,1103,833,667,798,1544,2087,1252,1756,3892,2903,1978,5297,13961,87047,510,816,7770,449,7304,2246,1663,8360,6041,4146,6117,2271,6739,2183,10459,19973,136726,12291,13232,5022,6176,15490,1381,6350,2086,2349,14497,912,1873,2580,1429,12666,5413,32981,59665,2950,939,2127,8743,6802,4629,415,7070,7161,4187,2438,2985,1672,7547,52899,9251,5592,11735,2536,3913,13188,5381,1303,128955,5984,12687,3663,12943,16589,2850,7244,4448,4562,27056,5530,11819,13581
R16201,富山県,富山市,3.09,1012585,83487,24315,10506,21806,3315,2842,1229,4750,5730,2169,511,654,2762,2898,84014,4693,1571,436,981,838,5917,981,391,747,5956,2863,1052,3461,1426,7464,5880,603,427,588,1117,576,2993,2103,1207,407,6542,2038,1247,4669,1408,542,6626,764,2388,3112,87526,18839,29949,13100,3663,2034,5415,8566,2931,3028,48301,15877,542,14575,1232,6626,648,8802,115674,3073,2380,1288,2932,2377,2989,1171,7025,1137,3159,1197,1676,2545,971,3173,1188,835,3747,1526,1712,3466,2198,8815,2178,2452,1882,1644,3318,3157,422,334,2902,1530,1942,2873,5054,4236,5613,882,1588,1216,1337,587,5338,1901,361,2345,45614,5833,4568,1214,2391,3909,3402,706,612,1323,1084,3188,5679,2733,4806,4167,44311,4124,601,480,1673,2246,914,856,657,563,1334,1921,1260,1471,3591,2288,2263,5157,12913,93619,709,992,9344,791,8867,2436,1764,9787,6723,4482,5582,2182,7393,2028,10577,19961,150266,12038,15743,4311,6269,15254,2009,6454,2691,3052,15437,890,2004,2613,1118,12559,9804,38019,60843,2652,469,1730,8501,7355,6431,344,8585,6742,3618,2496,2029,1922,7968,50587,8097,5359,12542,2415,3751,11952,5383,1087,148345,5899,7656,1817,16228,22931,4423,10563,6080,4995,36561,5733,13100,12359
R17201,石川県,金沢市,3.23,1054923,88554,26737,11909,22891,3539,2112,1366,5055,5042,2012,725,677,2879,3610,79717,3408,1494,929,979,1560,5114,1264,611,817,5775,2503,1216,3581,3293,8337,4374,741,363,753,913,516,2367,2086,1354,375,5756,1842,1753,3125,1326,533,4196,1071,2604,2788,103438,23381,34524,17920,4623,2844,5125,9034,2896,3091,49824,17125,616,12182,1351,7825,779,9945,114030,2852,2224,1311,3250,2565,2695,1051,7240,1516,3145,649,1692,2749,934,3494,1630,695,3462,1816,1932,3597,2334,8971,2424,2147,1713,1435,3271,3094,447,291,3327,1511,1160,3359,4849,4255,4405,987,1613,1067,1237,516,5135,1422,471,2088,39188,3986,4586,1011,2029,2230,3610,857,907,1466,861,2942,4714,2424,4074,3491,47891,4366,718,456,1785,2101,1022,908,663,699,1357,2179,1330,1677,3934,2619,2176,5355,14546,103570,548,1275,12442,983,9757,2127,1746,10941,6551,4940,7171,2760,8269,2430,12146,19485,140772,14007,15615,4358,7509,15603,3338,5301,2219,2255,12437,835,1888,2816,1305,10507,6983,33797,61110,3241,659,1539,7310,7810,5436,595,8425,6788,5051,2747,2687,1469,7353,47325,7145,5881,11592,1985,3005,10066,6151,1501,179504,6887,9079,1986,21255,28902,4425,13230,9410,5689,37400,6913,14442,19885
R18201,福井県,福井市,2.97,951361,84258,28034,8812,22319,4143,2784,1256,4350,4230,1984,362,494,2666,2823,72703,2614,894,434,791,1328,4645,953,323,514,4403,2449,1207,2541,3899,6093,6122,668,282,386,803,330,1765,2088,1635,386,6254,1818,1759,3300,1904,751,2971,858,2185,3344,94204,25427,27513,15610,3501,2707,5767,7660,2435,3584,46686,15079,1123,12731,1084,5418,618,10632,112868,2579,2641,1185,2846,2433,2506,1055,6292,1192,3361,1762,1639,2488,757,3350,696,644,3518,1437,1454,3879,2513,9279,1946,2036,1799,1375,2376,3322,454,313,2581,1751,1499,2940,5255,5559,4593,827,1858,1150,1159,430,5666,1971,556,1947,39617,4840,5204,641,2232,1858,2866,850,610,1351,1229,2824,5459,2369,4224,3060,41574,3667,718,438,1470,2038,864,859,653,687,1365,2127,1000,1378,3107,2395,2192,4802,11813,85101,1414,707,10668,828,6272,2113,1451,6925,7848,3913,5165,2104,6516,2107,9352,17717,147410,12191,14667,4614,5191,13469,1526,6053,3232,4079,17221,886,2105,3368,1650,9036,5138,42986,53910,2671,421,1297,6655,6585,5856,321,7185,5849,4885,2003,2552,1297,6333,37007,6471,4200,10322,1719,1855,7908,3334,1199,136021,6748,7324,1476,17755,25709,3038,7760,8485,4026,28195,5842,7658,12006
R19201,山梨県,甲府市,2.90,948442,77073,22351,9010,21253,3850,1814,1191,4741,5562,1744,656,506,1464,2930,71882,8663,758,193,962,457,4646,725,554,378,1532,2211,1180,2431,1064,3858,3644,908,468,541,1205,469,2920,2118,2243,1065,6022,1910,1666,2826,1560,809,4499,982,2769,3646,84363,16604,31980,13039,1947,3015,4747,7513,2949,2571,45349,12880,845,14783,1160,6105,638,8939,101856,2562,2014,1129,2883,2613,2582,891,6248,921,2522,864,1625,2274,947,2950,1124,576,3238,1845,1584,4231,1886,7515,1989,1861,1986,1085,2565,4385,491,232,2661,1592,599,2435,4194,2190,4323,726,1597,1201,1105,593,5487,1077,428,2032,42187,3522,4808,548,2265,757,7267,845,3301,982,614,3346,4435,1846,4357,3295,43044,3842,578,447,1448,1860,974,655,689,571,1156,2371,1314,1375,3875,2352,1690,5084,12764,84302,521,765,8035,679,7301,2262,1970,8442,4560,3337,5755,2288,6273,2094,9479,20538,145330,18877,15291,5854,6139,17517,2189,7046,2175,3073,13945,1112,2089,3585,1919,7256,1314,35949,61116,2955,681,1454,9029,6093,5143,286,7458,7348,3703,2867,3392,1421,9286,44448,5509,7032,8852,3728,4619,9608,3616,1484,147491,5885,8018,2267,17036,21371,3984,11644,7187,6115,34023,5780,12774,11407
R20201,長野県,長野市,2.89,917923,72018,20805,8064,18673,4076,2366,1277,4144,4798,1707,781,958,1445,2924,74544,5322,593,305,911,1030,5492,813,694,563,2089,1898,1144,2311,1396,5261,5394,818,252,535,1114,371,2954,2460,1689,649,6980,1747,2073,2918,1352,707,4414,1010,3972,3313,76055,12596,30199,12715,1569,1898,4259,7225,2907,2686,46229,14306,270,13521,1209,6723,687,9512,104970,2697,1694,956,1940,2008,2230,826,7469,973,2170,757,1684,2333,994,2785,1103,1037,3679,1602,1673,3646,1881,6715,2104,1585,2202,1757,3147,4350,582,316,2242,2155,862,3344,5143,2515,5815,1009,1787,1214,957,492,4872,1356,413,1895,42174,8817,3697,386,2858,884,3974,483,2478,1150,580,2837,3893,1644,4563,3928,47988,4697,587,513,1782,2889,1342,1032,586,610,1360,2352,1088,1391,4072,2496,1640,5123,14429,81464,606,574,7793,661,7216,2035,1584,6605,5740,3106,4167,1718,6648,1491,9697,21825,130809,15239,13204,4752,8218,16392,1842,4635,1575,1890,11346,1088,2101,2443,1073,9636,1369,34006,54344,3591,673,1429,6786,6716,5270,297,7087,5628,3291,1892,2605,1348,7733,43483,6671,6243,11493,2181,2810,8436,4580,1069,143844,6378,7757,1556,13630,16430,3449,8323,5942,3889,43522,4880,17439,10650
R21201,岐阜県,岐阜市,2.99,967231,78434,22777,10748,20395,3256,2004,1294,3888,4851,1954,635,650,2244,3738,68160,4526,668,380,1047,574,5298,986,515,976,3291,1718,1420,3166,1570,4845,3919,762,248,755,1009,371,1609,1429,2006,490,5796,1584,1845,2959,1938,928,2161,1271,3567,2533,89743,23852,28545,13968,2882,2133,5545,7887,2437,2494,48849,14736,869,14368,1224,6423,647,10583,98996,2446,2155,950,3022,2171,2333,824,5686,994,2457,904,1475,2096,972,2878,950,452,3030,1774,1481,3021,1932,7458,2126,2051,1462,1307,2326,3259,533,499,2865,1244,585,3024,4950,2800,4339,1022,1549,1119,1044,434,4819,1332,437,2409,38426,4794,3763,560,2015,1263,2759,1943,921,1043,636,3110,5560,2299,4344,3416,46103,4180,644,452,1794,1860,1066,1062,670,651,1294,2178,1397,1351,4209,2567,1902,5349,13475,91145,389,1042,12136,654,7949,2333,1823,8479,5996,4192,7055,2592,7546,2283,10435,16238,126638,13850,12936,4428,5223,14406,2818,5158,1971,1926,11227,878,1948,1527,1241,9867,6891,30344,58482,2529,735,1564,9239,6697,5068,387,7913,5296,5059,2177,3502,1511,6805,39004,5306,5054,11044,1355,2493,8375,4011,1367,183251,7174,6526,2142,19959,38875,6561,16101,9845,6378,34222,12921,9630,12918
R22100,静岡県,静岡市,2.97,981690,86429,29410,9737,22047,2934,2263,1318,5120,4938,1832,924,582,1712,3612,79043,11521,1169,288,1428,456,4625,963,416,462,2087,1863,1169,2764,1891,4655,3676,942,416,716,994,465,2389,1582,3498,1408,5466,2172,1479,2935,2769,1245,3389,1382,3837,2529,92665,17946,34395,15710,2711,2869,5310,7869,3122,2732,48343,13987,707,15445,1471,6496,565,9672,114202,3543,2091,1354,4085,3364,2679,950,6673,1092,3315,992,1903,2449,851,3454,1516,768,3344,2449,1724,3411,2202,8895,2229,2155,1929,1209,2521,3908,414,780,2946,1732,801,2734,5648,3056,4427,884,2016,1153,1073,639,5004,1101,313,2428,38709,3858,4853,467,2419,1127,2649,808,1072,1473,1082,4190,4869,1799,4455,3589,45044,4035,590,431,1545,2390,1037,833,765,669,1216,2235,1274,1336,4230,2859,1723,5021,12856,86110,882,945,9447,802,7142,2346,1627,9621,5912,4242,5646,2248,5943,1788,9706,17812,149479,21965,15177,5290,6290,17320,3074,7335,1970,2265,13306,1305,2179,2801,1822,8874,3253,35253,59957,8924,728,1074,7266,5331,3798,406,6992,5059,4196,1993,5594,1366,7232,37536,5419,5216,10723,1685,2623,6964,3818,1088,144171,8188,5699,2630,17537,22920,6690,11656,5361,5299,28701,4930,13642,10919
R23100,愛知県,名古屋市,2.92,971144,80416,22811,11364,20782,4052,2078,1327,4501,4746,2016,699,684,1945,3411,69910,5957,808,392,1006,516,4661,971,466,818,2901,1666,1523,3269,1303,7391,4486,880,174,857,1179,327,1118,1635,1276,660,6352,1687,1931,2639,2117,833,2072,1104,2543,2393,90386,22756,29289,15421,2896,2413,5033,7471,2497,2610,48017,15195,751,14421,1328,6141,615,9567,105410,2676,1952,1345,3834,2439,2121,893,6428,1282,2782,1074,1569,2413,956,3214,989,650,3207,2298,1573,3333,2341,8441,2424,1830,1573,1263,2381,4087,453,504,3111,1518,579,2886,5152,2530,3850,802,1646,1373,945,341,4919,974,300,2156,40298,4513,4375,728,1729,997,2909,931,830,1940,790,3627,5307,2553,5340,3730,42736,3850,795,400,1553,1770,920,853,741,647,1277,1872,1311,1174,3488,2570,1621,5141,12751,86519,556,1276,9343,808,7359,2124,1777,8581,5630,3603,4821,2192,6380,1580,10092,20397,124977,15568,15067,4475,5505,15424,2896,4954,1972,1633,9594,1019,1892,1851,1555,7469,2187,31914,56726,3826,720,1410,7026,7447,5450,342,7376,5727,4010,2178,2984,1089,7141,39873,4201,5471,9612,1317,3343,10488,4317,1125,185876,6747,6189,2579,16224,30533,6073,14642,7706,6090,58800,10320,10729,9244
R24201,三重県,津市,2.96,939561,77428,19690,10225,22961,3920,1982,1387,4605,4433,2018,541,664,1583,3421,76435,6262,1076,619,1427,470,4600,909,677,996,4015,1630,1474,3513,1979,6797,5039,946,182,831,886,494,1974,1517,1616,691,6701,1949,1915,3040,2157,1089,1902,1766,2657,2640,101933,32799,28444,16797,3595,2459,4466,8128,2463,2781,47236,15925,946,13312,1140,5569,630,9714,98440,2486,1831,1173,3425,2167,2271,868,5987,1188,2235,702,1418,2274,1009,2947,932,375,3061,1562,1554,2482,1970,7558,2014,1947,1686,1273,2127,3867,467,369,3139,1491,703,2908,4759,3105,3767,962,1685,1351,1014,420,4288,1175,507,1942,39115,4551,4848,420,1521,3385,2816,1018,584,1390,889,3688,5037,2039,3311,3618,44503,4030,659,345,1845,2003,1129,870,753,605,1322,1910,1122,1332,3596,2554,1829,5095,13503,91009,492,1004,10494,1159,7309,1826,1594,8670,6949,3558,5000,2405,7173,1923,9704,21749,122782,14767,13782,4072,4418,14251,2860,4018,2143,1505,9613,913,1931,1147,1285,7257,4323,34498,55235,3587,777,1424,7895,6204,4416,346,7525,5554,4129,2189,2811,1096,7284,36229,5299,5113,9517,1812,2342,6919,4261,966,149215,4536,5433,1597,13828,23261,3872,7487,6283,5554,53167,5846,7722,10630
R25201,滋賀県,大津市,3.01,1017197,84843,23773,11243,24654,3890,1952,1324,4221,4691,2021,729,815,1648,3882,79960,3651,1046,497,1508,1415,5337,1065,685,1673,3815,1881,1548,3407,1765,9562,4066,599,284,857,968,267,2161,2449,2001,511,8214,2158,1883,2433,1102,1031,2504,1794,2749,3075,118608,38835,32681,20516,4534,2908,5578,8227,2816,2513,50427,15458,575,13449,1595,7419,724,11208,120164,2746,2388,1510,3901,2722,2590,991,7616,1372,3125,862,1848,2611,1044,3873,1178,776,4082,2006,1836,3262,2601,9198,2644,2247,2031,1361,2795,5195,507,340,3526,1257,1259,3293,5321,3833,4355,1100,1766,1475,942,529,6056,1487,499,2209,40278,5053,4451,627,2660,1625,2724,975,813,1305,914,3416,5250,2336,4596,3533,48641,4468,754,527,1850,2151,1131,990,887,694,1382,2376,1441,1296,3715,2778,1812,5478,14911,96472,661,650,10779,876,8012,1926,1737,10397,5602,4395,5118,2188,8136,2191,9963,23843,129141,12612,13573,3954,5135,14690,3892,4862,2777,1809,10315,864,2590,1447,1320,7761,4787,36752,55443,3614,1093,1531,5927,8331,4642,400,7964,5542,3264,2199,2527,1129,7281,42078,5691,4362,12131,1402,3751,9482,3954,1304,151141,5066,4590,1786,13168,18416,4586,8837,4788,5056,57228,7105,9434,11079
R26100,京都府,京都市,2.93,989309,85111,23504,11934,25887,3969,1912,1414,4172,3418,2141,571,690,2009,3491,77704,4052,991,416,1373,1463,5484,1089,588,1875,3823,2091,1467,3458,1609,8428,4708,675,362,763,1145,327,1800,1824,2230,571,7622,2219,1870,2514,1056,837,2467,1339,2430,2741,115718,39581,31168,20132,3770,2801,5472,7261,2669,2864,51750,18625,452,13143,1488,6877,727,10439,119139,3057,2416,1655,3997,2601,2603,1038,7174,1467,3084,994,1889,2495,1060,4028,1074,1037,3970,2667,1673,3284,2776,9130,2961,2262,1961,1079,2424,4411,492,357,2860,1381,1185,3345,5338,4184,3443,1207,1766,1600,903,386,6950,1245,370,1864,40902,4539,4814,796,3031,974,2438,1128,959,1442,517,3445,6244,2725,4306,3545,45634,4228,720,445,1674,2152,1024,959,918,651,1288,2069,1360,1272,3400,3027,1576,5480,13390,87238,602,577,9801,933,7281,2060,1535,8983,5372,3616,4218,2014,6430,1574,8986,23257,128102,12248,14633,3742,5135,14301,3979,5182,2655,1932,10339,846,2928,1597,1526,7369,4007,35682,52838,3307,878,1557,4122,8418,4536,329,8247,5070,3070,1691,3468,1138,7007,40022,6348,4923,11607,2162,3093,7144,3373,1372,145150,3942,3909,1425,11992,17398,5087,8989,5091,4510,60158,7397,7199,8053
R27100,大阪府,大阪市,2.93,973683,83334,24552,11122,23487,4006,1595,1058,3647,5632,2332,536,532,1633,3203,77921,4231,887,367,1510,1292,4701,811,461,1811,3389,2255,1911,4090,2488,8314,3818,701,280,939,1325,414,2240,1767,1714,316,7403,2924,1984,2576,1143,755,2504,1069,2584,2944,106269,33954,29645,17722,3907,4023,5002,7089,2214,2712,46900,14795,1329,12167,1251,5710,732,10916,111000,2750,2326,1747,3808,2419,2293,1058,7175,1328,2998,804,1766,2311,950,3690,1291,828,3340,2171,1514,3058,2359,8308,2565,2006,1738,1225,2308,5236,490,345,2577,1279,1050,2674,4968,3458,2749,1202,1951,1495,1150,645,5598,1401,415,2180,36969,3820,3316,554,2421,1284,2921,1050,1110,1324,729,3571,5312,1924,4544,3087,44165,3722,766,401,1577,1814,922,742,874,617,1337,2015,1296,1288,3622,2544,1523,5783,13320,81940,427,588,7710,811,6443,1696,1477,9618,5266,3204,5088,2154,6240,1990,9468,19760,138453,14578,16078,4578,5194,17451,3462,6097,2285,1848,11626,975,2223,1997,1430,8230,1835,38564,56695,2637,639,1712,7184,6400,4707,343,7284,6621,3633,3523,3651,1319,7043,47014,5142,5437,12157,1285,2757,14342,4570,1323,143025,4138,4075,1713,13977,23806,5427,9052,7075,5363,46569,6154,11474,4200
R28100,兵庫県,神戸市,2.88,962180,82441,20338,12866,25545,3540,1820,1225,3973,4712,2067,812,573,1683,3287,69904,2995,1836,356,1189,1005,4529,798,476,1800,3326,1682,1495,3281,1749,8926,3878,490,119,1121,947,237,1459,1663,1325,277,6221,2661,1834,2451,913,808,2041,1063,2369,2585,103478,30462,30252,18797,3355,3189,5472,7132,2313,2505,50524,16982,608,13380,1648,6555,772,10580,104908,2803,2077,1450,3602,2407,2490,1016,6798,1377,2640,572,1711,2379,809,3712,1103,818,3465,2001,1467,2895,2075,8327,2358,1825,1772,1079,2180,5331,371,383,2443,1240,751,2638,5046,3130,3283,1173,1665,1264,913,472,4338,972,368,1921,40869,5025,4201,676,2263,1121,2989,1156,724,1283,702,3623,5863,2566,4883,3793,43572,3842,852,355,1713,1511,1008,671,945,572,1124,1905,1571,1245,3916,2501,1427,4882,13533,84909,504,725,8368,850,6912,1871,1646,9424,4572,4682,4169,1957,7178,1684,9542,20825,135355,13533,15016,4423,5340,15008,2631,5386,2230,1833,10092,936,2201,1738,1241,6479,5258,42009,52064,2462,1357,1797,5505,7317,4591,360,6756,5423,4167,2585,2581,1264,5900,45199,6121,4726,12253,1971,3805,11052,4365,905,148957,4489,4063,1994,11053,17251,5099,7849,5382,5283,59006,8848,10864,7777
R29201,奈良県,奈良市,2.81,994435,81609,22588,12331,22030,3550,2779,1245,4050,4227,2079,629,872,1664,3566,79906,3826,838,436,1454,1601,4991,1076,609,1706,3756,2275,1538,4008,2556,7302,4997,606,239,843,1106,236,2441,1909,2223,507,7951,2849,1931,2742,1026,958,2641,1148,2564,3020,111336,37295,32010,18059,3692,3032,5264,7532,2693,1757,52206,16412,618,14333,1606,6753,788,11697,114261,2764,2325,1584,3495,2482,2477,921,7408,1340,2969,812,1681,2397,1024,3538,1163,965,3726,2207,1603,3145,2367,7761,2521,2437,1754,1212,2728,3740,596,372,3039,1372,1040,3171,5318,4073,3565,1272,2023,1558,1055,547,6175,1698,556,2284,40449,4928,4440,729,2432,1138,3081,1401,1058,1240,689,3651,5506,2339,3816,4002,47711,4665,756,454,1991,2104,1168,867,864,620,1283,2082,1495,1401,3698,3007,1587,5480,14190,88649,511,1050,10671,871,6669,1711,1605,9072,6596,4662,4919,2336,7267,1656,9533,19521,133977,12564,16937,3759,5410,16842,3166,4370,2377,1536,9592,1020,1976,1695,1142,10110,5874,35607,56908,3714,1080,1849,5642,7876,3974,474,8677,5631,4750,2113,3509,1194,6426,45396,5626,7785,10469,2168,4618,9588,3982,1161,142025,4858,5426,2081,13571,22644,4743,8778,6857,5662,39422,7316,11920,8747
R30201,和歌山県,和歌山市,2.83,835616,78779,23955,11001,21174,3244,1856,1068,3961,4803,2136,552,655,1495,2879,69912,3809,1057,475,1650,765,4140,1491,537,1418,3585,2017,1339,3470,2352,7121,3807,491,259,990,642,333,1853,1255,2947,427,6806,2580,1570,2699,985,901,1291,939,1875,2039,104675,34562,30944,17652,3101,3115,4035,7186,2136,1944,43599,15066,457,11352,1004,4356,544,10819,90147,2391,1997,1519,2970,2306,2157,846,4975,1155,2591,650,1435,1997,776,3042,800,540,3058,1743,1222,2617,1807,6542,1752,1793,1564,1099,1772,2674,570,296,2866,1017,698,2399,4119,2185,2260,1032,1517,2728,762,292,4109,1280,394,1833,34275,4159,5414,501,1844,1051,2106,931,2264,1241,643,2997,4796,1554,2591,2184,41254,3650,776,414,1618,1518,1159,744,761,663,1359,1713,1102,1281,3218,2392,1379,5528,11980,71299,396,850,6330,638,5843,1866,1482,6658,3741,2601,3959,2022,5298,1670,8737,19206,112489,14452,13929,3792,3861,14176,3093,4038,2040,1720,9067,756,1902,2314,1587,6512,2857,26392,51585,2119,623,1581,6161,6345,4973,392,7528,4768,3872,2260,3705,1049,6209,32041,4453,3861,9091,1489,1338,7724,3303,783,105562,3622,3051,1529,10245,17487,3659,6378,4392,4440,35942,5003,3810,6005
R31201,鳥取県,鳥取市,3.14,925803,77588,20714,11919,20608,3395,1678,1214,3738,5484,2837,467,728,1421,3386,73853,1562,1198,904,1217,2814,4683,1056,630,821,3582,2506,999,3209,5291,6334,2148,635,740,998,769,412,2123,1475,1244,255,8347,2015,3637,2564,2239,659,1724,652,2259,2152,94775,22767,29987,18463,4527,2233,4422,8143,2562,1671,50091,19041,1157,11403,943,5531,543,11474,97943,3102,2073,1279,2867,2740,2490,1428,5889,1001,2611,578,1489,2387,970,3094,429,340,3144,1340,1078,3059,1703,7315,2096,1978,1893,1489,2103,2893,390,227,2526,1321,659,2656,5719,3048,3499,984,1638,1451,1022,1430,2775,1171,458,2113,43266,4894,4008,785,1653,8104,2609,1446,420,1888,1174,2802,5835,1975,2715,2957,46851,3937,830,422,1996,2190,1306,674,900,720,1485,2272,1142,1741,3596,2716,2002,5580,13341,90616,411,2280,9372,731,8623,2097,1828,7955,5554,4904,7598,2425,7691,2681,10171,16295,116206,13872,11764,4326,5670,13020,2176,4003,1941,1474,10688,658,1745,1941,1150,12282,1388,28109,55900,1915,473,1712,5628,7533,5855,455,7320,6382,4088,2811,3477,1239,7011,42416,5257,5307,9533,2224,1857,13040,4257,940,136298,5184,5526,1490,14686,21555,3787,9023,6707,4837,28924,5739,10179,18660
R32201,島根県,松江市,2.96,895673,73951,20985,10738,18463,3423,2165,1349,4259,4530,2103,399,545,1929,3064,65211,1271,1949,622,958,1516,4365,1250,429,981,3659,2184,747,2048,2045,6322,2781,470,1743,580,618,792,1474,1097,1193,547,7010,2054,1365,3540,1223,732,1889,610,2695,2451,87401,20283,27900,16404,3482,2535,4623,7105,2587,2482,46277,16567,999,12213,1071,5654,544,9229,104967,3055,2258,1304,3359,2553,2391,1139,5520,1371,2687,770,1460,2477,1176,3279,627,622,2896,1534,1578,3443,1994,7814,2556,2175,1966,1257,2187,3503,597,354,2888,1647,963,2958,5629,3005,3794,1103,1772,1371,1093,466,4600,1209,481,2087,41717,5182,3947,740,2539,4064,3403,1248,433,1255,1074,3583,5209,2195,3274,3570,46549,4148,748,435,2336,2094,1156,851,770,689,1388,2517,1363,1408,3789,2589,1875,5482,12912,80925,709,1009,8726,580,6798,1773,1530,7354,4481,3999,5835,2109,6083,1742,8371,19827,120314,14153,12666,4582,4675,13111,2587,4248,2191,1683,10120,661,2090,1876,1153,8458,2072,33989,51570,3279,806,1887,4569,7329,3379,467,6327,5759,3615,2832,3625,1088,6608,41619,6656,7058,11103,1864,3030,7276,3527,1106,135171,6972,6651,1470,11401,17943,3456,5432,6320,4891,36521,5172,15214,13727
R33100,岡山県,岡山市,3.13,907771,80709,19327,10257,26523,3383,1897,1409,4117,4944,2209,547,683,1832,3581,63991,1698,994,353,1287,1056,4878,1056,651,1128,3477,1859,1256,3375,1453,7946,3317,582,259,1308,779,320,1740,1559,940,186,5602,1983,1926,2448,1134,840,1410,516,1954,2720,93934,23084,29817,17596,4126,3355,3859,7618,2512,1967,47309,16919,1492,12124,1220,6183,661,8710,87893,2705,1586,1306,3025,2114,2075,965,5275,1130,2457,449,1293,2093,993,2891,923,389,2354,1088,1121,2419,1446,6429,1868,1754,1752,1291,1814,3595,370,171,2469,1299,640,2447,4637,2636,3448,812,1381,1148,771,480,3577,793,265,1946,36500,3793,3354,627,1625,920,4911,786,2681,1039,548,3310,5135,1647,3115,3007,42149,3925,727,330,1586,1721,961,612,975,634,1180,1959,1275,1314,3319,2201,1719,5076,12635,86410,502,1485,7754,642,7651,2100,1590,8928,4199,3713,5466,2079,6334,1974,10228,21764,126632,16474,12418,5446,5448,16229,2054,4803,1812,1593,10529,650,1823,2270,1167,8593,3483,31841,57522,1619,752,1581,6429,6953,5506,355,8019,6375,3697,3491,2934,1500,8313,34623,4914,4656,7943,1250,1690,8488,4757,926,150100,6086,5714,2288,11678,16515,2786,5743,8529,5626,56627,6560,9470,12478
R34100,広島県,広島市,3.01,964813,77577,20763,11159,21871,3329,1741,1555,4306,4551,2231,569,707,1395,3401,70651,2237,1337,491,1331,916,5443,902,484,1428,3760,1661,1406,3093,989,7748,4193,746,172,2633,909,425,1608,1696,848,287,6647,2236,1814,3052,1094,685,1849,529,2520,3479,107605,29658,33030,18545,3972,3728,4978,7859,2722,3112,51252,16637,915,14489,1450,6658,700,10402,102463,2926,2073,1351,3420,2348,2364,988,6482,1087,3102,653,1501,2412,1227,3479,1304,525,3177,1506,1555,3373,1707,7331,2241,1945,2194,1372,2481,4046,383,246,3013,1257,913,2874,4896,2437,3697,1022,1662,982,992,526,3959,1040,373,2023,39835,4562,3582,780,2658,1118,3258,1054,831,1255,1080,3632,6036,2008,4479,3500,48250,4728,701,443,2220,2035,1046,821,1219,656,1316,2289,1500,1406,3938,2525,1697,5533,14178,86709,368,865,8632,530,7838,2304,1329,8643,4260,3718,5420,2327,7439,2068,10296,20671,138632,16444,14516,5378,5013,19090,2284,6075,1929,1737,11363,676,1818,2423,1193,7553,4623,36518,56249,2072,722,1829,6150,7558,4556,370,8214,6151,3981,2865,3363,1541,6875,47602,5007,7537,12441,2424,3314,10613,4654,1613,137988,5424,5380,2532,10798,17954,3309,6827,6995,5668,47740,5867,10165,9325
R35203,山口県,山口市,3.06,907239,74045,19933,9865,20361,3444,2001,1172,3304,5273,2510,492,719,1324,3647,70031,1832,2480,710,1262,1564,4720,1118,474,1670,4457,1961,1223,2804,976,7925,3605,746,266,570,876,540,1288,1821,807,480,7414,2103,2081,3491,1310,716,1551,403,2332,2456,103749,30080,28606,19581,4041,3486,4613,7996,2938,2410,46688,15665,488,12858,1341,5762,693,9882,88597,2461,1631,1179,2823,2326,1643,839,5030,1000,2400,627,1270,2158,1198,2970,943,424,2400,1124,1321,2813,1728,6217,1696,1801,2298,1340,1772,2630,448,353,2570,1296,826,3191,4350,2393,3382,874,1540,1033,1057,631,3400,1041,525,1624,35159,5187,3650,434,2012,2215,2679,685,791,1088,656,3438,5397,1510,2873,2543,45716,4430,657,493,1897,2164,1366,1003,875,624,1403,2042,1108,1430,3757,2362,2329,5227,12549,90330,388,1583,9544,631,7443,2406,1707,8765,6022,4675,7554,2719,7846,3113,10143,15792,125545,17358,12290,4266,6788,14966,1745,4268,1678,1505,11841,487,1788,1907,1266,9703,5536,28153,57217,2015,587,1625,6430,7495,5349,447,7829,7588,3340,3299,2624,1428,7161,44018,4200,8026,10139,891,2372,12911,4673,805,126142,5776,4663,1385,12211,22514,2885,12746,6947,5177,19760,4590,9664,17825
R36201,徳島県,徳島市,2.91,940407,76373,19720,10607,23175,3427,2153,1156,3347,4678,2112,426,625,1402,3544,68177,3098,962,228,2260,471,4749,857,490,1442,4524,1770,1352,2677,1346,5926,4059,599,372,619,614,301,1599,1041,932,249,8232,2824,3113,2486,1075,943,1454,786,2161,2564,98139,32068,27743,16442,3702,2792,4344,6828,2398,1821,46033,16896,775,12553,1223,4726,517,9344,98263,2781,1674,1456,2961,2329,2097,1005,5398,2074,2410,473,1389,2168,655,3221,885,585,2819,1644,1221,3028,1825,7136,1905,2332,1983,1381,1520,3666,410,221,3965,2055,751,2364,6088,2413,3093,1029,1581,1034,1080,516,4294,1191,431,1722,38519,4716,3816,591,2540,1557,3062,761,861,1139,914,3810,5845,2369,3546,2992,43141,3943,528,354,1910,2427,1115,936,953,665,1292,2005,1026,1398,3441,2448,1489,5363,11850,81372,422,1012,7885,815,6870,1594,1341,7703,3901,3267,4810,1994,6965,1885,8803,22103,140487,16726,15387,4645,5405,14670,2636,4881,2063,2259,12912,745,2013,3311,1393,7318,6660,37463,59056,2219,640,1409,6659,7638,5237,378,8094,7060,3619,2955,3528,1755,7864,39465,4896,5383,10548,2218,2401,8561,4067,1392,151381,6074,5027,1309,13031,17955,3677,6269,5783,7011,55590,5253,11276,13128
R37201,香川県,高松市,2.92,909903,76221,17359,10875,20198,6602,3699,1058,3852,4890,2324,407,647,1347,2963,67598,2058,1307,235,2192,732,4687,891,620,1575,4885,1743,1582,3025,1520,5865,2816,698,195,1103,989,215,1776,1204,843,307,6588,3758,1977,3034,1214,810,1990,671,2114,2378,92075,23486,27395,17578,3871,3832,4473,7029,2197,2215,44438,15324,1089,12497,1009,4941,567,9010,89144,2572,1835,1345,2817,2077,1897,1020,4985,1052,2493,432,1245,2182,898,2855,967,481,2408,1240,1332,2632,1773,6020,1752,1752,2029,1244,2015,2241,309,181,2244,1304,866,2325,5565,3372,2949,1020,1836,1445,1153,495,3396,840,369,1882,34467,4046,3696,549,2214,1680,3072,925,1168,994,506,3438,5565,1339,3046,2230,43613,4243,665,364,1923,1975,1272,807,865,590,1225,2065,1224,1379,3545,2415,1694,5462,11898,85426,516,1233,9505,780,7242,1997,1618,8713,5815,3967,6702,2437,6477,2172,9384,16868,126409,16017,13623,4655,5668,14939,1903,4741,2185,2205,11348,669,1929,2067,1582,7901,6272,28705,57911,1890,615,1557,7145,6750,5922,308,7823,7327,3280,2936,4002,1506,6849,39263,3888,5665,10016,1223,2670,10126,4908,767,153336,13595,5332,2152,13331,28880,4526,12459,7731,6157,25110,6533,13224,14308
R38201,愛媛県,松山市,2.93,841786,74424,19358,9378,23506,3577,1701,1251,3806,4047,2001,591,659,1313,3234,65192,2085,1585,460,1841,398,4585,920,524,2311,3459,1669,1302,3300,1211,7606,3100,620,298,720,922,312,933,1040,876,318,6303,2990,2586,2864,1188,848,1167,584,2180,2089,95994,26083,29357,17348,4176,2732,4773,6998,2455,2071,44216,14971,881,12409,963,5002,566,9425,89111,2939,1610,1234,2693,2052,2053,982,4920,1104,2570,775,1294,2190,1076,3068,1153,419,2975,1442,1287,2750,1470,6340,1739,1474,1924,1276,1495,3802,377,158,2627,1209,629,2544,5178,2485,3084,960,1680,938,825,378,3084,696,252,1903,38191,3783,4729,176,5621,1251,3227,838,593,999,680,2853,5242,1580,3952,2667,42522,4081,693,360,1725,2132,1048,858,981,626,1347,2151,1123,1387,2712,2198,1637,5339,12123,80860,714,837,8021,587,6493,2080,1288,7255,3713,3081,4525,1885,6263,1863,9606,22653,116920,12977,13928,3508,3430,13837,1815,3518,1668,1374,10372,553,1727,1729,925,8001,6192,31363,52617,2070,567,1294,4653,6781,3934,386,7455,5730,4003,2345,4051,1497,7851,34336,3839,4245,9940,1326,1835,9186,3239,725,107403,6126,3681,1251,9349,14038,2224,3696,6154,5040,34627,4040,6812,10363
R39201,高知県,高知市,2.95,943314,74597,22302,11309,18336,3299,1408,1062,3506,5487,2467,444,651,1120,3205,73960,5021,1299,332,7783,311,3367,1052,368,1396,4337,2191,1294,2688,1454,4434,1587,812,251,544,1041,306,2118,979,3089,752,7159,2948,2255,3608,1364,1184,1204,352,2297,2782,89684,22831,26492,17732,4419,3342,3377,7063,2075,2353,43274,12438,962,12930,999,4375,437,11132,93172,2793,1872,1463,2950,2549,1940,967,5868,1169,2294,564,1371,1993,841,3002,468,968,2383,1547,1368,2968,1587,8989,1727,1730,1576,1363,1642,3127,354,171,2557,1314,607,2216,5355,2204,3192,642,1812,1166,1456,1703,2092,960,341,1953,38257,4285,3895,374,5373,2322,2735,732,717,1251,1310,3135,4852,1812,2889,2574,43593,3692,620,463,1783,2127,1007,784,831,725,1338,2045,968,1460,3524,2346,1685,6427,11767,83312,861,1273,7241,1058,8258,2074,1937,8280,3867,4941,6440,2402,6451,2469,11048,14713,146459,24355,16662,5359,5622,16489,2013,5230,1786,1775,13151,493,1527,2438,1313,10837,7775,29633,55687,1757,681,1373,6911,6086,5260,313,7758,5811,3824,3159,3666,1592,7494,46095,3059,5463,9597,1836,2330,16916,5984,911,155224,5931,6756,1687,18331,19703,3961,11214,11145,5743,30010,4546,21254,14943
R40130,福岡県,福岡市,2.98,942662,79244,22878,9409,23376,2990,1785,1472,3635,4525,2398,643,723,1575,3836,69259,1602,1562,652,853,888,4085,951,359,1812,3299,1619,1073,2928,1465,7123,6074,679,109,591,743,379,981,5470,905,411,6391,2167,1532,2511,992,781,1950,503,2868,2952,101977,26414,29816,21151,3729,4044,4608,7244,2504,2467,45708,13238,1253,12726,1265,6662,538,10024,102848,3071,1640,1126,3191,2523,2095,1068,6430,1176,2896,868,1346,2317,1106,3580,899,683,3121,1416,1430,3069,1801,7637,2362,1724,1799,1259,2082,6172,517,434,2774,1545,778,3087,4398,2382,4502,751,1431,1466,904,452,4411,747,408,1973,35435,4263,2870,511,2019,1296,3023,1014,610,1276,641,3303,4492,2065,4134,3916,46078,4146,609,372,1700,2303,1078,996,754,731,1322,2194,1161,1373,3681,3416,1842,5240,13158,89630,598,1216,8389,691,8161,1969,1603,7312,4207,3666,5356,2286,6680,1912,10522,25062,119072,18110,12128,4312,5526,13899,1688,3610,1275,1557,10686,645,2377,2015,1381,6816,1286,31761,54760,3696,1036,1634,5260,7453,4226,371,7396,6104,3235,1793,3932,891,7731,41084,5188,5732,9941,1854,4655,8598,3703,1413,157566,6800,5376,2195,11747,17350,3447,7034,6009,5509,57585,6531,14543,13442
R41201,佐賀県,佐賀市,2.89,914976,73623,23259,9020,19589,2489,1873,1173,3303,4695,2529,514,563,1553,3061,70912,2097,1819,565,734,1475,5736,1070,435,2326,3777,1775,840,4152,1749,6144,4059,825,250,708,863,382,1324,2077,704,360,6295,3244,2260,3182,1542,904,2055,347,2621,2218,101401,29896,28950,17823,4178,3199,4535,7403,2908,2510,43777,13552,463,12862,1030,5330,426,10114,103217,2975,1683,1296,2850,2215,1892,1215,5447,1131,2957,834,1232,2202,1394,3452,1170,755,2920,1175,1302,3353,2031,7714,2150,1910,1780,1472,2047,3171,492,596,5118,1221,676,2875,5280,3435,4335,856,1802,1224,1195,621,4157,959,407,2243,32336,4054,3027,316,1377,1802,2301,925,587,1352,712,3012,4817,1672,2815,3570,45152,3931,528,438,1898,2321,1167,805,672,631,1330,2349,1008,1527,3713,2946,1777,5563,12550,80139,1370,1239,8079,781,6826,2015,1689,7598,3774,4496,5895,2179,6332,2141,9456,16271,128450,16174,12231,4038,6800,14218,2347,4518,1535,1584,11131,1101,2073,1875,1332,12218,5450,29825,56068,4737,440,1667,6678,5678,4059,368,6494,7239,4371,2289,3070,1241,7737,42065,6578,5588,11489,1158,3139,9842,3250,1022,137835,7181,6089,2615,13013,33329,3537,12170,8690,4382,21986,4491,10791,9562
R42201,長崎県,長崎市,2.74,874976,79966,25987,8951,22932,2627,2088,1128,4020,4798,1955,440,691,1564,2785,75676,1274,2571,783,811,389,4348,1017,367,1541,4005,1644,996,3189,1554,8581,5863,921,154,898,865,290,1094,1440,653,664,7131,3577,1956,7184,1940,831,1665,473,2480,2527,90711,22859,27232,16170,4191,3114,4316,7540,2807,2483,41622,12876,591,11276,1118,5076,470,10217,98791,3337,1397,1264,2550,2165,1873,1033,4723,1281,2939,712,1426,2082,1088,3489,748,723,3109,1330,1373,3442,1734,7424,1932,1931,1708,1107,1588,5171,483,422,3109,1479,1126,2790,4804,2770,4176,748,1601,1468,1076,507,4235,976,438,1905,36978,4469,3721,309,1649,1508,2533,1166,637,1387,801,3093,5413,1977,5029,3285,43569,3942,661,395,1928,2478,1174,948,725,607,1352,2115,1273,1349,3328,2758,1712,4555,12269,78581,367,1083,6607,4502,5842,1893,1197,6795,3597,3430,4111,2222,5760,1532,8990,20654,122056,15085,12217,3915,4258,14143,2331,3471,1855,1763,11806,509,2080,1969,1440,6697,4936,33581,52955,6047,623,1395,6160,5885,3468,347,6355,5100,4036,1980,3857,948,6752,37747,5385,6760,10523,1528,2204,7849,2522,974,116323,3395,4607,1317,8698,13618,2157,5232,4118,3107,51663,3371,9908,5133
R43100,熊本県,熊本市,3.09,906374,72694,22289,9370,19592,2329,1718,1334,3115,4994,2777,566,662,986,2961,60349,1833,1307,579,759,590,4213,901,351,2151,3189,1728,1079,2931,683,6309,4924,767,108,457,638,281,1003,2072,749,331,5853,1999,1897,2133,1015,773,1432,712,2447,2160,106539,26570,31346,21081,4856,4586,4385,8145,2992,2579,43281,14283,763,10587,1170,5707,488,10282,89461,3139,1241,951,2293,2012,1654,1197,4298,910,2523,937,1156,1934,1060,3351,662,460,2687,1092,1050,3367,1431,6433,1970,1586,1733,1418,1524,3508,373,466,2750,1317,671,2397,4388,2986,5130,579,1495,1111,892,365,3772,816,653,1721,29518,3187,2352,265,2171,1120,2377,816,413,1646,1498,2470,4215,1436,2756,2795,45693,4343,598,455,2117,2718,1196,883,794,731,1574,2443,945,1655,3392,2640,2073,4705,12431,82910,436,1475,7096,501,8112,1935,1340,7361,3693,3639,6009,2261,6133,2356,10772,19792,123441,20250,10997,3962,5898,13273,1671,3990,1452,1469,11804,450,1960,1872,1493,9659,3458,29786,56260,3953,585,1290,7444,6365,5053,289,6200,7287,4944,2377,2502,1265,6705,44939,3423,8750,9970,1781,2981,12709,4200,1125,151288,4758,5294,1766,13460,21010,3536,8234,8962,6683,43629,4000,16614,13341
R44201,大分県,大分市,2.82,847950,68127,19622,9227,18651,2555,1306,1099,3340,4326,2494,540,640,1484,2843,62923,1595,1947,801,857,848,3847,1043,481,1443,3519,1311,909,2683,980,6593,5062,718,211,588,647,395,1070,1904,748,499,6347,2297,1658,2632,1195,685,1807,668,2400,2538,98062,28090,28075,18709,3811,3518,4445,6514,2355,2544,42021,12144,1251,12024,936,5376,387,9904,92105,2876,1353,1147,2720,2051,1879,1022,5011,984,2580,897,1284,2075,1200,3300,719,445,2526,1136,1090,3153,1634,6656,2038,1696,1670,1347,1523,3722,482,753,2625,1448,687,2733,4480,2458,4513,687,1489,1125,1035,521,4323,806,368,1839,36838,4589,4683,322,3114,1831,3017,1126,441,1005,516,2733,4755,1840,3493,3373,41560,4190,606,402,1764,2272,1125,1117,617,613,1222,1938,1161,1268,3551,2096,1730,4179,11710,79422,499,1349,6728,550,6700,1793,1521,6707,4904,3444,6155,2316,6532,2887,9077,18260,116038,17498,11947,4109,4986,12948,1908,3624,1486,1565,12131,488,1801,1567,1120,9109,1396,28355,52795,3787,473,1577,7427,5992,4364,340,6913,5852,2212,1996,3647,1010,7203,38956,2903,8463,8493,1426,2931,10588,3137,1013,119103,4664,5299,1927,10638,18344,2293,7078,9057,6366,24241,5121,12278,11796
R45201,宮崎県,宮崎市,2.92,875321,69230,21418,7775,18484,2953,1656,1190,3356,4643,2334,485,541,1241,3155,61416,3130,2016,605,1932,458,3769,1191,254,898,3016,1517,965,2781,1440,5713,4795,630,309,327,523,201,887,1684,431,710,6019,2585,1281,2380,999,821,1665,465,2651,2369,98432,23533,30297,20993,3802,2924,3813,7198,2462,3409,41574,13423,874,12099,984,5037,451,8706,89331,3106,1281,1133,2645,2211,1938,936,4982,1009,2346,766,1130,2020,866,3352,328,501,2808,997,1157,2860,1784,6421,1751,1916,1909,1481,1617,3948,449,443,2306,1087,663,2342,5046,2430,3959,591,1557,871,1061,461,3484,846,386,2154,36693,4140,3823,236,3660,1265,2779,745,480,1165,845,2638,4754,1536,5919,2705,44865,4264,509,433,1942,2675,1337,980,678,602,1398,2367,938,1466,3477,2379,1895,5595,11931,78091,410,1144,6720,603,6291,1774,1511,6619,4200,3694,5452,2193,6639,2026,9853,18964,125352,17950,10823,4207,4429,13230,2339,4339,1254,1701,11106,489,3413,1698,1349,8033,4342,34650,56213,4009,395,1798,7205,5046,4531,444,6634,6346,5378,2114,3641,1137,7535,46073,2431,12931,9951,1483,2584,11603,4032,1058,128054,5732,5872,1230,11809,15072,1842,6364,5576,5302,40793,3690,10952,13822
R46201,鹿児島県,鹿児島市,2.84,914988,73795,23946,7772,19499,2830,2479,1286,3623,4250,2266,488,573,1536,3246,70512,3119,1693,1014,1461,344,5092,1594,354,2015,3748,1784,1076,3337,1071,5708,5263,698,195,460,834,421,926,1319,601,603,5546,6666,1224,2671,970,1326,1886,552,2647,2292,98529,25605,31468,19914,3786,2615,3644,6675,2369,2451,45221,15806,1061,12375,959,4567,491,9963,100818,3088,1459,1097,2862,2233,2170,1279,5745,1306,2660,770,1409,2593,1112,3477,458,578,2962,1358,1364,3471,1535,6928,1967,1969,2230,1378,2055,4371,764,801,2848,1569,1081,2710,5361,2910,4759,696,1731,1091,906,267,3577,1136,558,2167,36171,4289,4282,240,2594,1100,2434,1155,397,1344,1050,2939,5334,2268,3628,3118,47151,4752,478,460,2549,2675,1615,1498,688,693,1416,2273,972,1344,3786,2731,2025,5082,12112,81930,530,1965,8860,664,7192,1866,1353,7084,4145,3273,4568,2173,6388,1756,9129,20985,116969,17973,11433,4338,3768,11414,3004,3290,1653,1958,9790,470,2505,2132,1113,7827,3902,30398,64135,6269,591,1813,6586,5725,3399,427,8316,5356,9102,1886,4725,1554,8383,37412,2048,10995,10370,1001,3126,6782,2329,762,142344,6533,6522,1940,13311,21864,1964,9177,6982,5382,38926,4066,11825,13851
R47201,沖縄県,那覇市,2.93,815819,73734,27911,8279,17784,1844,1588,1011,4692,3654,1615,251,455,1127,3525,47634,5199,199,158,786,115,4773,871,468,646,820,904,630,1764,156,4029,4994,449,75,252,471,147,386,557,562,46,2147,1144,1199,2432,593,2519,473,186,5603,1884,75953,13626,27742,12212,2551,2490,2525,5757,2794,6256,40843,11114,1665,10480,854,6380,440,9909,95776,2969,1885,1107,2587,2710,2387,1306,5605,856,2497,570,1754,3460,746,4042,222,345,2073,877,1212,3016,1348,6486,2578,1343,1865,1033,1861,7581,339,628,2469,885,894,2816,6829,1578,3391,590,1072,1780,562,136,2598,386,214,2291,34407,3649,4071,677,2086,734,1578,805,248,1332,438,1851,5348,1610,7040,2940,40249,5036,501,466,1172,1817,1235,742,475,655,903,2087,1047,1234,3451,2729,1276,4199,11227,71747,167,510,4180,739,6498,1450,909,5958,2195,3328,5409,1962,6234,1869,8284,22055,129347,23410,10264,5236,4053,10030,1420,4107,1322,2726,12665,429,1944,1329,2442,4591,3121,40256,60132,1459,622,1142,7989,5426,6192,519,7128,6533,4270,2282,6009,1027,9534,35771,1343,7402,10083,1213,2618,7887,4453,772,110226,1594,3675,916,5391,16664,1348,6853,3157,5799,38964,4173,12736,8956
